Name,Agent,State,Notes,Created,Runtime,Sweep,dataset,experiment.comment,experiment.name,model,rigl.const_fan_in,rigl.dense_allocation,training.seed,accuracy,training.dry_run,training.epochs,training.gamma,training.init_lr,training.log_interval,training.lr,training.momentum,training.no_cuda,training.optimizer,training.save_model,training.scheduler,training.step_size,training.test_batch_size,training.warm_up_steps,training.weight_decay,wandb.entity,wandb.project,wandb.start_method,paths.base,Learning Rate,acc,epoch,los,loss,new high score,test,run_id
wide_resnet22_cifar10_sweep_0.5_False,bd0dcg2j,finished,-,2022-06-08T03:08:39.000Z,17089.0,4hsfzsa9,cifar10,sweep_0.5_False,wide_resnet22_cifar10_sweep_0.5_False,wide_resnet22,False,0.5,42,0.9439,False,250.0,0.2,1e-06,10.0,0.1,0.9,,sgd,True,step_lr,30000.0,10.0,5.0,0.0005,condensed-sparsity,condensed-rigl,thread,,0.0008,,250.0,,0.1965303701694633,,,
wide_resnet22_cifar10_sweep_0.5_False,4gzb504w,finished,-,2022-06-08T03:08:34.000Z,17126.0,4hsfzsa9,cifar10,sweep_0.5_False,wide_resnet22_cifar10_sweep_0.5_False,wide_resnet22,False,0.5,2078,0.9456,False,250.0,0.2,1e-06,10.0,0.1,0.9,,sgd,True,step_lr,30000.0,10.0,5.0,0.0005,condensed-sparsity,condensed-rigl,thread,,0.0008,,250.0,,0.1945448261553392,,,
wide_resnet22_cifar10_sweep_0.5_False,iwzqfawx,finished,-,2022-06-08T02:58:39.000Z,2709.0,4hsfzsa9,cifar10,sweep_0.5_False,wide_resnet22_cifar10_sweep_0.5_False,wide_resnet22,False,0.5,7303,0.9433,False,250.0,0.2,1e-06,10.0,0.1,0.9,,sgd,True,step_lr,30000.0,10.0,5.0,0.0005,condensed-sparsity,condensed-rigl,thread,,0.0008,,250.0,,0.1959846520231687,,,
wide_resnet22_cifar10_sweep_0.5_False,w9hlspuw,finished,-,2022-06-08T02:47:44.000Z,6191.0,4hsfzsa9,cifar10,sweep_0.5_False,wide_resnet22_cifar10_sweep_0.5_False,wide_resnet22,False,0.5,6037,0.9439,False,250.0,0.2,1e-06,10.0,0.1,0.9,,sgd,True,step_lr,30000.0,10.0,5.0,0.0005,condensed-sparsity,condensed-rigl,thread,,0.0008,,250.0,,0.1972844594935764,,,
wide_resnet22_cifar10_sweep_0.5_False,daalrzlx,finished,-,2022-06-08T02:39:06.000Z,4522.0,4hsfzsa9,cifar10,sweep_0.5_False,wide_resnet22_cifar10_sweep_0.5_False,wide_resnet22,False,0.5,8746,0.9461,False,250.0,0.2,1e-06,10.0,0.1,0.9,,sgd,True,step_lr,30000.0,10.0,5.0,0.0005,condensed-sparsity,condensed-rigl,thread,,0.0008,,250.0,,0.1955051725515292,,,
wide_resnet22_cifar10_sweep_0.4_False,iwzqfawx,finished,-,2022-06-08T02:13:17.000Z,2717.0,4hsfzsa9,cifar10,sweep_0.4_False,wide_resnet22_cifar10_sweep_0.4_False,wide_resnet22,False,0.4,42,0.9427,False,250.0,0.2,1e-06,10.0,0.1,0.9,,sgd,True,step_lr,30000.0,10.0,5.0,0.0005,condensed-sparsity,condensed-rigl,thread,,0.0008,,250.0,,0.1940634439185451,,,
wide_resnet22_cifar10_sweep_0.4_False,iwzqfawx,finished,-,2022-06-08T01:26:45.000Z,2707.0,4hsfzsa9,cifar10,sweep_0.4_False,wide_resnet22_cifar10_sweep_0.4_False,wide_resnet22,False,0.4,2078,0.9449,False,250.0,0.2,1e-06,10.0,0.1,0.9,,sgd,True,step_lr,30000.0,10.0,5.0,0.0005,condensed-sparsity,condensed-rigl,thread,,0.0008,,250.0,,0.2000918893887603,,,
wide_resnet22_cifar10_sweep_0.4_False,daalrzlx,finished,-,2022-06-08T01:23:39.000Z,4523.0,4hsfzsa9,cifar10,sweep_0.4_False,wide_resnet22_cifar10_sweep_0.4_False,wide_resnet22,False,0.4,7303,0.9453,False,250.0,0.2,1e-06,10.0,0.1,0.9,,sgd,True,step_lr,30000.0,10.0,5.0,0.0005,condensed-sparsity,condensed-rigl,thread,,0.0008,,250.0,,0.1976998764412128,,,
wide_resnet22_cifar10_sweep_0.4_False,w9hlspuw,finished,-,2022-06-08T00:57:50.000Z,6587.0,4hsfzsa9,cifar10,sweep_0.4_False,wide_resnet22_cifar10_sweep_0.4_False,wide_resnet22,False,0.4,6037,0.9419,False,250.0,0.2,1e-06,10.0,0.1,0.9,,sgd,True,step_lr,30000.0,10.0,5.0,0.0005,condensed-sparsity,condensed-rigl,thread,,0.0008,,250.0,,0.2018298871103854,,,
wide_resnet22_cifar10_sweep_0.4_False,iwzqfawx,finished,-,2022-06-08T00:41:32.000Z,2708.0,4hsfzsa9,cifar10,sweep_0.4_False,wide_resnet22_cifar10_sweep_0.4_False,wide_resnet22,False,0.4,8746,0.9439,False,250.0,0.2,1e-06,10.0,0.1,0.9,,sgd,True,step_lr,30000.0,10.0,5.0,0.0005,condensed-sparsity,condensed-rigl,thread,,0.0008,,250.0,,0.195669405324661,,,
wide_resnet22_cifar10_sweep_0.3_False,daalrzlx,finished,-,2022-06-08T00:07:39.000Z,4554.0,4hsfzsa9,cifar10,sweep_0.3_False,wide_resnet22_cifar10_sweep_0.3_False,wide_resnet22,False,0.3,42,0.9451,False,250.0,0.2,1e-06,10.0,0.1,0.9,,sgd,True,step_lr,30000.0,10.0,5.0,0.0005,condensed-sparsity,condensed-rigl,thread,,0.0008,,250.0,,0.1887763961512479,,,
wide_resnet22_cifar10_sweep_0.3_False,iwzqfawx,finished,-,2022-06-07T23:56:24.000Z,2705.0,4hsfzsa9,cifar10,sweep_0.3_False,wide_resnet22_cifar10_sweep_0.3_False,wide_resnet22,False,0.3,2078,0.9401,False,250.0,0.2,1e-06,10.0,0.1,0.9,,sgd,True,step_lr,30000.0,10.0,5.0,0.0005,condensed-sparsity,condensed-rigl,thread,,0.0008,,250.0,,0.1938848207911942,,,
wide_resnet22_cifar10_sweep_0.3_False,w9hlspuw,finished,-,2022-06-07T23:12:27.000Z,6238.0,4hsfzsa9,cifar10,sweep_0.3_False,wide_resnet22_cifar10_sweep_0.3_False,wide_resnet22,False,0.3,7303,0.9421,False,250.0,0.2,1e-06,10.0,0.1,0.9,,sgd,True,step_lr,30000.0,10.0,5.0,0.0005,condensed-sparsity,condensed-rigl,thread,,0.0008,,250.0,,0.2020980519274759,,,
wide_resnet22_cifar10_sweep_0.3_False,iwzqfawx,finished,-,2022-06-07T23:09:45.000Z,2713.0,4hsfzsa9,cifar10,sweep_0.3_False,wide_resnet22_cifar10_sweep_0.3_False,wide_resnet22,False,0.3,6037,0.9419,False,250.0,0.2,1e-06,10.0,0.1,0.9,,sgd,True,step_lr,30000.0,10.0,5.0,0.0005,condensed-sparsity,condensed-rigl,thread,,0.0008,,250.0,,0.199227212629767,,,
wide_resnet22_cifar10_sweep_0.3_False,daalrzlx,finished,-,2022-06-07T22:51:27.000Z,4566.0,4hsfzsa9,cifar10,sweep_0.3_False,wide_resnet22_cifar10_sweep_0.3_False,wide_resnet22,False,0.3,8746,0.9455,False,250.0,0.2,1e-06,10.0,0.1,0.9,,sgd,True,step_lr,30000.0,10.0,5.0,0.0005,condensed-sparsity,condensed-rigl,thread,,0.0008,,250.0,,0.1955566575224162,,,
wide_resnet22_cifar10_sweep_0.2_False,zwea6c25,finished,-,2022-06-07T22:26:52.000Z,17655.0,4hsfzsa9,cifar10,sweep_0.2_False,wide_resnet22_cifar10_sweep_0.2_False,wide_resnet22,False,0.2,42,0.9396,False,250.0,0.2,1e-06,10.0,0.1,0.9,,sgd,True,step_lr,30000.0,10.0,5.0,0.0005,condensed-sparsity,condensed-rigl,thread,,0.0008,,250.0,,0.2039493331570644,,,
wide_resnet22_cifar10_sweep_0.2_False,4gzb504w,finished,-,2022-06-07T22:26:22.000Z,16926.0,4hsfzsa9,cifar10,sweep_0.2_False,wide_resnet22_cifar10_sweep_0.2_False,wide_resnet22,False,0.2,2078,0.9401,False,250.0,0.2,1e-06,10.0,0.1,0.9,,sgd,True,step_lr,30000.0,10.0,5.0,0.0005,condensed-sparsity,condensed-rigl,thread,,0.0008,,250.0,,0.2013549830903619,,,
wide_resnet22_cifar10_sweep_0.2_False,28ikhsvl,finished,-,2022-06-07T22:26:18.000Z,17004.0,4hsfzsa9,cifar10,sweep_0.2_False,wide_resnet22_cifar10_sweep_0.2_False,wide_resnet22,False,0.2,7303,0.9396,False,250.0,0.2,1e-06,10.0,0.1,0.9,,sgd,True,step_lr,30000.0,10.0,5.0,0.0005,condensed-sparsity,condensed-rigl,thread,,0.0008,,250.0,,0.2016765427152939,,,
wide_resnet22_cifar10_sweep_0.2_False,bd0dcg2j,finished,-,2022-06-07T22:24:49.000Z,17025.0,4hsfzsa9,cifar10,sweep_0.2_False,wide_resnet22_cifar10_sweep_0.2_False,wide_resnet22,False,0.2,6037,0.9422,False,250.0,0.2,1e-06,10.0,0.1,0.9,,sgd,True,step_lr,30000.0,10.0,5.0,0.0005,condensed-sparsity,condensed-rigl,thread,,0.0008,,250.0,,0.193469409371374,,,
wide_resnet22_cifar10_sweep_0.2_False,iwzqfawx,finished,-,2022-06-07T22:23:53.000Z,2750.0,4hsfzsa9,cifar10,sweep_0.2_False,wide_resnet22_cifar10_sweep_0.2_False,wide_resnet22,False,0.2,8746,0.9416,False,250.0,0.2,1e-06,10.0,0.1,0.9,,sgd,True,step_lr,30000.0,10.0,5.0,0.0005,condensed-sparsity,condensed-rigl,thread,,0.0008,,250.0,,0.1957196406799019,,,
wide_resnet22_cifar10_sweep_0.05_False,iwzqfawx,finished,-,2022-06-07T21:35:42.000Z,2886.0,4hsfzsa9,cifar10,sweep_0.05_False,wide_resnet22_cifar10_sweep_0.05_False,wide_resnet22,False,0.05,42,0.9169,False,250.0,0.2,1e-06,10.0,0.1,0.9,,sgd,True,step_lr,30000.0,10.0,5.0,0.0005,condensed-sparsity,condensed-rigl,thread,,0.0008,,250.0,,0.2567397719178232,,,
wide_resnet22_cifar10_sweep_0.05_False,daalrzlx,finished,-,2022-06-07T21:33:47.000Z,4574.0,4hsfzsa9,cifar10,sweep_0.05_False,wide_resnet22_cifar10_sweep_0.05_False,wide_resnet22,False,0.05,2078,0.9131,False,250.0,0.2,1e-06,10.0,0.1,0.9,,sgd,True,step_lr,30000.0,10.0,5.0,0.0005,condensed-sparsity,condensed-rigl,thread,,0.0008,,250.0,,0.2671192290806677,,,
wide_resnet22_cifar10_sweep_0.05_False,w9hlspuw,finished,-,2022-06-07T21:28:32.000Z,6232.0,4hsfzsa9,cifar10,sweep_0.05_False,wide_resnet22_cifar10_sweep_0.05_False,wide_resnet22,False,0.05,7303,0.9165,False,250.0,0.2,1e-06,10.0,0.1,0.9,,sgd,True,step_lr,30000.0,10.0,5.0,0.0005,condensed-sparsity,condensed-rigl,thread,,0.0008,,250.0,,0.2533522460276726,,,
wide_resnet22_cifar10_sweep_0.05_False,daalrzlx,finished,-,2022-06-07T20:17:27.000Z,4574.0,4hsfzsa9,cifar10,sweep_0.05_False,wide_resnet22_cifar10_sweep_0.05_False,wide_resnet22,False,0.05,6037,0.9156,False,250.0,0.2,1e-06,10.0,0.1,0.9,,sgd,True,step_lr,30000.0,10.0,5.0,0.0005,condensed-sparsity,condensed-rigl,thread,,0.0008,,250.0,,0.2513820047627669,,,
wide_resnet22_cifar10_sweep_0.05_False,daalrzlx,finished,-,2022-06-07T18:58:31.000Z,4656.0,4hsfzsa9,cifar10,sweep_0.05_False,wide_resnet22_cifar10_sweep_0.05_False,wide_resnet22,False,0.05,8746,0.9179,False,250.0,0.2,1e-06,10.0,0.1,0.9,,sgd,True,step_lr,30000.0,10.0,5.0,0.0005,condensed-sparsity,condensed-rigl,thread,,0.0008,,250.0,,0.2474768499690573,,,
wide_resnet22_cifar10_sweep_0.01_False,daalrzlx,finished,-,2022-06-07T17:40:42.000Z,4586.0,4hsfzsa9,cifar10,sweep_0.01_False,wide_resnet22_cifar10_sweep_0.01_False,wide_resnet22,False,0.01,42,0.8478,False,250.0,0.2,1e-06,10.0,0.1,0.9,,sgd,True,step_lr,30000.0,10.0,5.0,0.0005,condensed-sparsity,condensed-rigl,thread,,0.0008,,250.0,,0.4391421944156289,,,
wide_resnet22_cifar10_sweep_0.01_False,daalrzlx,finished,-,2022-06-07T16:21:08.000Z,4690.0,4hsfzsa9,cifar10,sweep_0.01_False,wide_resnet22_cifar10_sweep_0.01_False,wide_resnet22,False,0.01,2078,0.847,False,250.0,0.2,1e-06,10.0,0.1,0.9,,sgd,True,step_lr,30000.0,10.0,5.0,0.0005,condensed-sparsity,condensed-rigl,thread,,0.0008,,250.0,,0.4388163888290525,,,
wide_resnet22_cifar10_sweep_0.01_False,daalrzlx,finished,-,2022-06-07T15:03:34.000Z,4569.0,4hsfzsa9,cifar10,sweep_0.01_False,wide_resnet22_cifar10_sweep_0.01_False,wide_resnet22,False,0.01,7303,0.8504,False,250.0,0.2,1e-06,10.0,0.1,0.9,,sgd,True,step_lr,30000.0,10.0,5.0,0.0005,condensed-sparsity,condensed-rigl,thread,,0.0008,,250.0,,0.433746882628277,,,
wide_resnet22_cifar10_sweep_0.01_False,daalrzlx,finished,-,2022-06-07T13:45:49.000Z,4582.0,4hsfzsa9,cifar10,sweep_0.01_False,wide_resnet22_cifar10_sweep_0.01_False,wide_resnet22,False,0.01,6037,0.8395,False,250.0,0.2,1e-06,10.0,0.1,0.9,,sgd,True,step_lr,30000.0,10.0,5.0,0.0005,condensed-sparsity,condensed-rigl,thread,,0.0008,,250.0,,0.4677450298547744,,,
wide_resnet22_cifar10_sweep_0.5_True,daalrzlx,finished,-,2022-06-07T12:26:57.000Z,4673.0,4hsfzsa9,cifar10,sweep_0.5_True,wide_resnet22_cifar10_sweep_0.5_True,wide_resnet22,True,0.5,42,0.9482,False,250.0,0.2,1e-06,10.0,0.1,0.9,,sgd,True,step_lr,30000.0,10.0,5.0,0.0005,condensed-sparsity,condensed-rigl,thread,,0.0008,,250.0,,0.1833057981291989,,,
wide_resnet22_cifar10_sweep_0.5_True,daalrzlx,finished,-,2022-06-07T11:08:15.000Z,4667.0,4hsfzsa9,cifar10,sweep_0.5_True,wide_resnet22_cifar10_sweep_0.5_True,wide_resnet22,True,0.5,2078,0.9464,False,250.0,0.2,1e-06,10.0,0.1,0.9,,sgd,True,step_lr,30000.0,10.0,5.0,0.0005,condensed-sparsity,condensed-rigl,thread,,0.0008,,250.0,,0.1923746048017798,,,
wide_resnet22_cifar10_sweep_0.5_True,daalrzlx,finished,-,2022-06-07T09:49:39.000Z,4651.0,4hsfzsa9,cifar10,sweep_0.5_True,wide_resnet22_cifar10_sweep_0.5_True,wide_resnet22,True,0.5,7303,0.9473,False,250.0,0.2,1e-06,10.0,0.1,0.9,,sgd,True,step_lr,30000.0,10.0,5.0,0.0005,condensed-sparsity,condensed-rigl,thread,,0.0008,,250.0,,0.1927339883797685,,,
wide_resnet22_cifar10_sweep_0.5_True,daalrzlx,finished,-,2022-06-07T08:27:13.000Z,4892.0,4hsfzsa9,cifar10,sweep_0.5_True,wide_resnet22_cifar10_sweep_0.5_True,wide_resnet22,True,0.5,6037,0.9467,False,250.0,0.2,1e-06,10.0,0.1,0.9,,sgd,True,step_lr,30000.0,10.0,5.0,0.0005,condensed-sparsity,condensed-rigl,thread,,0.0008,,250.0,,0.1922292853472157,,,
wide_resnet22_cifar10_sweep_0.5_True,daalrzlx,finished,-,2022-06-07T07:06:04.000Z,4809.0,4hsfzsa9,cifar10,sweep_0.5_True,wide_resnet22_cifar10_sweep_0.5_True,wide_resnet22,True,0.5,8746,0.9444,False,250.0,0.2,1e-06,10.0,0.1,0.9,,sgd,True,step_lr,30000.0,10.0,5.0,0.0005,condensed-sparsity,condensed-rigl,thread,,0.0008,,250.0,,0.1925667325638263,,,
wide_resnet22_cifar10_sweep_0.4_True,daalrzlx,finished,-,2022-06-07T05:45:00.000Z,4807.0,4hsfzsa9,cifar10,sweep_0.4_True,wide_resnet22_cifar10_sweep_0.4_True,wide_resnet22,True,0.4,42,0.9461,False,250.0,0.2,1e-06,10.0,0.1,0.9,,sgd,True,step_lr,30000.0,10.0,5.0,0.0005,condensed-sparsity,condensed-rigl,thread,,0.0008,,250.0,,0.1879811351528173,,,
wide_resnet22_cifar10_sweep_0.4_True,daalrzlx,finished,-,2022-06-07T04:26:19.000Z,4664.0,4hsfzsa9,cifar10,sweep_0.4_True,wide_resnet22_cifar10_sweep_0.4_True,wide_resnet22,True,0.4,2078,0.9462,False,250.0,0.2,1e-06,10.0,0.1,0.9,,sgd,True,step_lr,30000.0,10.0,5.0,0.0005,condensed-sparsity,condensed-rigl,thread,,0.0008,,250.0,,0.1955299681394244,,,
wide_resnet22_cifar10_sweep_0.4_True,awufzi7x,finished,-,2022-06-07T03:12:35.000Z,34413.0,4hsfzsa9,cifar10,sweep_0.4_True,wide_resnet22_cifar10_sweep_0.4_True,wide_resnet22,True,0.4,7303,0.939,False,250.0,0.2,1e-06,10.0,0.1,0.9,,sgd,True,step_lr,30000.0,10.0,5.0,0.0005,condensed-sparsity,condensed-rigl,thread,,0.0008,,250.0,,0.2165521884523041,,,
wide_resnet22_cifar10_sweep_0.4_True,daalrzlx,finished,-,2022-06-07T03:05:20.000Z,4803.0,4hsfzsa9,cifar10,sweep_0.4_True,wide_resnet22_cifar10_sweep_0.4_True,wide_resnet22,True,0.4,6037,0.9443,False,250.0,0.2,1e-06,10.0,0.1,0.9,,sgd,True,step_lr,30000.0,10.0,5.0,0.0005,condensed-sparsity,condensed-rigl,thread,,0.0008,,250.0,,0.1923126100866458,,,
wide_resnet22_cifar10_sweep_0.4_True,daalrzlx,finished,-,2022-06-07T01:44:52.000Z,4772.0,4hsfzsa9,cifar10,sweep_0.4_True,wide_resnet22_cifar10_sweep_0.4_True,wide_resnet22,True,0.4,8746,0.9426,False,250.0,0.2,1e-06,10.0,0.1,0.9,,sgd,True,step_lr,30000.0,10.0,5.0,0.0005,condensed-sparsity,condensed-rigl,thread,,0.0008,,250.0,,0.1962440915991377,,,
wide_resnet22_cifar10_sweep_0.3_True,daalrzlx,finished,-,2022-06-07T00:25:12.000Z,4722.0,4hsfzsa9,cifar10,sweep_0.3_True,wide_resnet22_cifar10_sweep_0.3_True,wide_resnet22,True,0.3,42,0.9433,False,250.0,0.2,1e-06,10.0,0.1,0.9,,sgd,True,step_lr,30000.0,10.0,5.0,0.0005,condensed-sparsity,condensed-rigl,thread,,0.0008,,250.0,,0.1899267060062644,,,
wide_resnet22_cifar10_sweep_0.3_True,daalrzlx,finished,-,2022-06-06T23:05:30.000Z,4723.0,4hsfzsa9,cifar10,sweep_0.3_True,wide_resnet22_cifar10_sweep_0.3_True,wide_resnet22,True,0.3,2078,0.9436,False,250.0,0.2,1e-06,10.0,0.1,0.9,,sgd,True,step_lr,30000.0,10.0,5.0,0.0005,condensed-sparsity,condensed-rigl,thread,,0.0008,,250.0,,0.1960141152050113,,,
wide_resnet22_cifar10_sweep_0.3_True,daalrzlx,finished,-,2022-06-06T21:45:48.000Z,4724.0,4hsfzsa9,cifar10,sweep_0.3_True,wide_resnet22_cifar10_sweep_0.3_True,wide_resnet22,True,0.3,7303,0.9403,False,250.0,0.2,1e-06,10.0,0.1,0.9,,sgd,True,step_lr,30000.0,10.0,5.0,0.0005,condensed-sparsity,condensed-rigl,thread,,0.0008,,250.0,,0.2032375047108304,,,
wide_resnet22_cifar10_sweep_0.3_True,daalrzlx,finished,-,2022-06-06T20:26:01.000Z,4732.0,4hsfzsa9,cifar10,sweep_0.3_True,wide_resnet22_cifar10_sweep_0.3_True,wide_resnet22,True,0.3,6037,0.9451,False,250.0,0.2,1e-06,10.0,0.1,0.9,,sgd,True,step_lr,30000.0,10.0,5.0,0.0005,condensed-sparsity,condensed-rigl,thread,,0.0008,,250.0,,0.1915039082208124,,,
wide_resnet22_cifar10_sweep_0.3_True,daalrzlx,finished,-,2022-06-06T19:05:57.000Z,4746.0,4hsfzsa9,cifar10,sweep_0.3_True,wide_resnet22_cifar10_sweep_0.3_True,wide_resnet22,True,0.3,8746,0.9417,False,250.0,0.2,1e-06,10.0,0.1,0.9,,sgd,True,step_lr,30000.0,10.0,5.0,0.0005,condensed-sparsity,condensed-rigl,thread,,0.0008,,250.0,,0.2003505621080578,,,
wide_resnet22_cifar10_sweep_0.2_True,daalrzlx,finished,-,2022-06-06T17:46:07.000Z,4727.0,4hsfzsa9,cifar10,sweep_0.2_True,wide_resnet22_cifar10_sweep_0.2_True,wide_resnet22,True,0.2,42,0.9385,False,250.0,0.2,1e-06,10.0,0.1,0.9,,sgd,True,step_lr,30000.0,10.0,5.0,0.0005,condensed-sparsity,condensed-rigl,thread,,0.0008,,250.0,,0.2035825452098171,,,
wide_resnet22_cifar10_sweep_0.2_True,awufzi7x,finished,-,2022-06-06T17:38:15.000Z,34457.0,4hsfzsa9,cifar10,sweep_0.2_True,wide_resnet22_cifar10_sweep_0.2_True,wide_resnet22,True,0.2,2078,0.9332,False,250.0,0.2,1e-06,10.0,0.1,0.9,,sgd,True,step_lr,30000.0,10.0,5.0,0.0005,condensed-sparsity,condensed-rigl,thread,,0.0008,,250.0,,0.2292543962891679,,,
wide_resnet22_cifar10_sweep_0.2_True,daalrzlx,finished,-,2022-06-06T16:25:07.000Z,4857.0,4hsfzsa9,cifar10,sweep_0.2_True,wide_resnet22_cifar10_sweep_0.2_True,wide_resnet22,True,0.2,7303,0.9413,False,250.0,0.2,1e-06,10.0,0.1,0.9,,sgd,True,step_lr,30000.0,10.0,5.0,0.0005,condensed-sparsity,condensed-rigl,thread,,0.0008,,250.0,,0.1897550183892104,,,
wide_resnet22_cifar10_sweep_0.2_True,awufzi7x,finished,-,2022-06-06T15:47:01.000Z,6614.0,4hsfzsa9,cifar10,sweep_0.2_True,wide_resnet22_cifar10_sweep_0.2_True,wide_resnet22,True,0.2,6037,0.9385,False,250.0,0.2,1e-06,10.0,0.1,0.9,,sgd,True,step_lr,30000.0,10.0,5.0,0.0005,condensed-sparsity,condensed-rigl,thread,,0.0008,,250.0,,0.2067008578784705,,,
wide_resnet22_cifar10_sweep_0.2_True,daalrzlx,finished,-,2022-06-06T15:04:19.000Z,4789.0,4hsfzsa9,cifar10,sweep_0.2_True,wide_resnet22_cifar10_sweep_0.2_True,wide_resnet22,True,0.2,8746,0.9387,False,250.0,0.2,1e-06,10.0,0.1,0.9,,sgd,True,step_lr,30000.0,10.0,5.0,0.0005,condensed-sparsity,condensed-rigl,thread,,0.0008,,250.0,,0.1984856555260106,,,
wide_resnet22_cifar10_sweep_0.1_True,awufzi7x,finished,-,2022-06-06T13:56:59.000Z,6597.0,4hsfzsa9,cifar10,sweep_0.1_True,wide_resnet22_cifar10_sweep_0.1_True,wide_resnet22,True,0.1,42,0.9316,False,250.0,0.2,1e-06,10.0,0.1,0.9,,sgd,True,step_lr,30000.0,10.0,5.0,0.0005,condensed-sparsity,condensed-rigl,thread,,0.0008,,250.0,,0.223557454459212,,,
wide_resnet22_cifar10_sweep_0.1_True,daalrzlx,finished,-,2022-06-06T13:42:15.000Z,4869.0,4hsfzsa9,cifar10,sweep_0.1_True,wide_resnet22_cifar10_sweep_0.1_True,wide_resnet22,True,0.1,2078,0.9325,False,250.0,0.2,1e-06,10.0,0.1,0.9,,sgd,True,step_lr,30000.0,10.0,5.0,0.0005,condensed-sparsity,condensed-rigl,thread,,0.0008,,250.0,,0.2149469173753517,,,
wide_resnet22_cifar10_sweep_0.1_True,daalrzlx,finished,-,2022-06-06T12:19:55.000Z,4885.0,4hsfzsa9,cifar10,sweep_0.1_True,wide_resnet22_cifar10_sweep_0.1_True,wide_resnet22,True,0.1,7303,0.9294,False,250.0,0.2,1e-06,10.0,0.1,0.9,,sgd,True,step_lr,30000.0,10.0,5.0,0.0005,condensed-sparsity,condensed-rigl,thread,,0.0008,,250.0,,0.223763723631826,,,
wide_resnet22_cifar10_sweep_0.1_True,awufzi7x,finished,-,2022-06-06T12:00:00.000Z,7016.0,4hsfzsa9,cifar10,sweep_0.1_True,wide_resnet22_cifar10_sweep_0.1_True,wide_resnet22,True,0.1,6037,0.93,False,250.0,0.2,1e-06,10.0,0.1,0.9,,sgd,True,step_lr,30000.0,10.0,5.0,0.0005,condensed-sparsity,condensed-rigl,thread,,0.0008,,250.0,,0.2187143751915689,,,
wide_resnet22_cifar10_sweep_0.1_True,daalrzlx,finished,-,2022-06-06T10:58:39.000Z,4872.0,4hsfzsa9,cifar10,sweep_0.1_True,wide_resnet22_cifar10_sweep_0.1_True,wide_resnet22,True,0.1,8746,0.9269,False,250.0,0.2,1e-06,10.0,0.1,0.9,,sgd,True,step_lr,30000.0,10.0,5.0,0.0005,condensed-sparsity,condensed-rigl,thread,,0.0008,,250.0,,0.2291199479844188,,,
wide_resnet22_cifar10_sweep_0.05_True,awufzi7x,finished,-,2022-06-06T10:02:24.000Z,7000.0,4hsfzsa9,cifar10,sweep_0.05_True,wide_resnet22_cifar10_sweep_0.05_True,wide_resnet22,True,0.05,2078,0.9176,False,250.0,0.2,1e-06,10.0,0.1,0.9,,sgd,True,step_lr,30000.0,10.0,5.0,0.0005,condensed-sparsity,condensed-rigl,thread,,0.0008,,250.0,,0.25770267543355,,,
wide_resnet22_cifar10_sweep_0.05_True,daalrzlx,finished,-,2022-06-06T09:38:11.000Z,4822.0,4hsfzsa9,cifar10,sweep_0.05_True,wide_resnet22_cifar10_sweep_0.05_True,wide_resnet22,True,0.05,7303,0.9157,False,250.0,0.2,1e-06,10.0,0.1,0.9,,sgd,True,step_lr,30000.0,10.0,5.0,0.0005,condensed-sparsity,condensed-rigl,thread,,0.0008,,250.0,,0.2607547790621407,,,
wide_resnet22_cifar10_sweep_0.01_True,daalrzlx,finished,-,2022-06-06T08:18:27.000Z,4729.0,4hsfzsa9,cifar10,sweep_0.01_True,wide_resnet22_cifar10_sweep_0.01_True,wide_resnet22,True,0.01,2078,0.8105,False,250.0,0.2,1e-06,10.0,0.1,0.9,,sgd,True,step_lr,30000.0,10.0,5.0,0.0005,condensed-sparsity,condensed-rigl,thread,,0.0008,,250.0,,0.5481212779533118,,,
wide_resnet22_cifar10_sweep_0.01_True,awufzi7x,finished,-,2022-06-06T08:12:39.000Z,6582.0,4hsfzsa9,cifar10,sweep_0.01_True,wide_resnet22_cifar10_sweep_0.01_True,wide_resnet22,True,0.01,7303,0.8158,False,250.0,0.2,1e-06,10.0,0.1,0.9,,sgd,True,step_lr,30000.0,10.0,5.0,0.0005,condensed-sparsity,condensed-rigl,thread,,0.0008,,250.0,,0.5293525595679879,,,
wide_resnet22_cifar10_sweep_0.01_True,daalrzlx,finished,-,2022-06-06T06:59:10.000Z,4754.0,4hsfzsa9,cifar10,sweep_0.01_True,wide_resnet22_cifar10_sweep_0.01_True,wide_resnet22,True,0.01,6037,0.8101,False,250.0,0.2,1e-06,10.0,0.1,0.9,,sgd,True,step_lr,30000.0,10.0,5.0,0.0005,condensed-sparsity,condensed-rigl,thread,,0.0008,,250.0,,0.5498738957807422,,,
wide_resnet22_cifar10_sweep_0.01_True,awufzi7x,finished,-,2022-06-06T06:24:42.000Z,6422.0,4hsfzsa9,cifar10,sweep_0.01_True,wide_resnet22_cifar10_sweep_0.01_True,wide_resnet22,True,0.01,8746,0.8231,False,250.0,0.2,1e-06,10.0,0.1,0.9,,sgd,True,step_lr,30000.0,10.0,5.0,0.0005,condensed-sparsity,condensed-rigl,thread,,0.0008,,250.0,,0.5248505661457777,,,
resnet18_cifar10_sweep_0.5_False,daalrzlx,finished,-,2022-06-06T05:00:20.000Z,7125.0,4hsfzsa9,cifar10,sweep_0.5_False,resnet18_cifar10_sweep_0.5_False,resnet18,False,0.5,42,0.9543,False,250.0,0.2,1e-06,10.0,0.1,0.9,,sgd,True,step_lr,30000.0,10.0,5.0,0.0005,condensed-sparsity,condensed-rigl,thread,,0.0008,,250.0,,0.1786151008726097,,,
resnet18_cifar10_sweep_0.5_False,awufzi7x,finished,-,2022-06-06T04:30:09.000Z,6814.0,4hsfzsa9,cifar10,sweep_0.5_False,resnet18_cifar10_sweep_0.5_False,resnet18,False,0.5,2078,0.9498,False,250.0,0.2,1e-06,10.0,0.1,0.9,,sgd,True,step_lr,30000.0,10.0,5.0,0.0005,condensed-sparsity,condensed-rigl,thread,,0.0008,,250.0,,0.1911318331466056,,,
resnet18_cifar10_sweep_0.5_False,u5sy9zeh,finished,-,2022-06-06T03:24:53.000Z,26913.0,4hsfzsa9,cifar10,sweep_0.5_False,resnet18_cifar10_sweep_0.5_False,resnet18,False,0.5,7303,0.9537,False,250.0,0.2,1e-06,10.0,0.1,0.9,,sgd,True,step_lr,30000.0,10.0,5.0,0.0005,condensed-sparsity,condensed-rigl,thread,,0.0008,,250.0,,0.1807688759667798,,,
resnet18_cifar10_sweep_0.5_False,daalrzlx,finished,-,2022-06-06T03:01:27.000Z,7129.0,4hsfzsa9,cifar10,sweep_0.5_False,resnet18_cifar10_sweep_0.5_False,resnet18,False,0.5,6037,0.9512,False,250.0,0.2,1e-06,10.0,0.1,0.9,,sgd,True,step_lr,30000.0,10.0,5.0,0.0005,condensed-sparsity,condensed-rigl,thread,,0.0008,,250.0,,0.1820892757218797,,,
resnet18_cifar10_sweep_0.5_False,awufzi7x,finished,-,2022-06-06T02:35:12.000Z,6863.0,4hsfzsa9,cifar10,sweep_0.5_False,resnet18_cifar10_sweep_0.5_False,resnet18,False,0.5,8746,0.9526,False,250.0,0.2,1e-06,10.0,0.1,0.9,,sgd,True,step_lr,30000.0,10.0,5.0,0.0005,condensed-sparsity,condensed-rigl,thread,,0.0008,,250.0,,0.1839659295303747,,,
resnet18_cifar10_sweep_0.4_False,tks0cie6,finished,-,2022-06-06T02:04:30.000Z,25112.0,4hsfzsa9,cifar10,sweep_0.4_False,resnet18_cifar10_sweep_0.4_False,resnet18,False,0.4,42,0.9518,False,250.0,0.2,1e-06,10.0,0.1,0.9,,sgd,True,step_lr,30000.0,10.0,5.0,0.0005,condensed-sparsity,condensed-rigl,thread,,0.0008,,250.0,,0.1926281958670821,,,
resnet18_cifar10_sweep_0.4_False,d5f3e8sf,finished,-,2022-06-06T01:55:07.000Z,24928.0,4hsfzsa9,cifar10,sweep_0.4_False,resnet18_cifar10_sweep_0.4_False,resnet18,False,0.4,2078,0.95,False,250.0,0.2,1e-06,10.0,0.1,0.9,,sgd,True,step_lr,30000.0,10.0,5.0,0.0005,condensed-sparsity,condensed-rigl,thread,,0.0008,,250.0,,0.1977860616653226,,,
resnet18_cifar10_sweep_0.4_False,6ydlfue3,finished,-,2022-06-06T01:53:49.000Z,24930.0,4hsfzsa9,cifar10,sweep_0.4_False,resnet18_cifar10_sweep_0.4_False,resnet18,False,0.4,7303,0.9534,False,250.0,0.2,1e-06,10.0,0.1,0.9,,sgd,True,step_lr,30000.0,10.0,5.0,0.0005,condensed-sparsity,condensed-rigl,thread,,0.0008,,250.0,,0.1842907481600996,,,
resnet18_cifar10_sweep_0.4_False,daalrzlx,finished,-,2022-06-06T01:01:58.000Z,7138.0,4hsfzsa9,cifar10,sweep_0.4_False,resnet18_cifar10_sweep_0.4_False,resnet18,False,0.4,6037,0.9522,False,250.0,0.2,1e-06,10.0,0.1,0.9,,sgd,True,step_lr,30000.0,10.0,5.0,0.0005,condensed-sparsity,condensed-rigl,thread,,0.0008,,250.0,,0.1841844355353154,,,
resnet18_cifar10_sweep_0.4_False,awufzi7x,finished,-,2022-06-06T00:41:00.000Z,6848.0,4hsfzsa9,cifar10,sweep_0.4_False,resnet18_cifar10_sweep_0.4_False,resnet18,False,0.4,8746,0.95,False,250.0,0.2,1e-06,10.0,0.1,0.9,,sgd,True,step_lr,30000.0,10.0,5.0,0.0005,condensed-sparsity,condensed-rigl,thread,,0.0008,,250.0,,0.1919657005994115,,,
resnet18_cifar10_sweep_0.3_False,daalrzlx,finished,-,2022-06-05T23:02:56.000Z,7139.0,4hsfzsa9,cifar10,sweep_0.3_False,resnet18_cifar10_sweep_0.3_False,resnet18,False,0.3,42,0.9523,False,250.0,0.2,1e-06,10.0,0.1,0.9,,sgd,True,step_lr,30000.0,10.0,5.0,0.0005,condensed-sparsity,condensed-rigl,thread,,0.0008,,250.0,,0.1860020569281653,,,
resnet18_cifar10_sweep_0.3_False,awufzi7x,finished,-,2022-06-05T22:46:36.000Z,6831.0,4hsfzsa9,cifar10,sweep_0.3_False,resnet18_cifar10_sweep_0.3_False,resnet18,False,0.3,2078,0.9523,False,250.0,0.2,1e-06,10.0,0.1,0.9,,sgd,True,step_lr,30000.0,10.0,5.0,0.0005,condensed-sparsity,condensed-rigl,thread,,0.0008,,250.0,,0.1865097806606441,,,
resnet18_cifar10_sweep_0.3_False,daalrzlx,finished,-,2022-06-05T21:03:41.000Z,7151.0,4hsfzsa9,cifar10,sweep_0.3_False,resnet18_cifar10_sweep_0.3_False,resnet18,False,0.3,7303,0.955,False,250.0,0.2,1e-06,10.0,0.1,0.9,,sgd,True,step_lr,30000.0,10.0,5.0,0.0005,condensed-sparsity,condensed-rigl,thread,,0.0008,,250.0,,0.1777142336689867,,,
resnet18_cifar10_sweep_0.3_False,awufzi7x,finished,-,2022-06-05T20:51:36.000Z,6871.0,4hsfzsa9,cifar10,sweep_0.3_False,resnet18_cifar10_sweep_0.3_False,resnet18,False,0.3,6037,0.9523,False,250.0,0.2,1e-06,10.0,0.1,0.9,,sgd,True,step_lr,30000.0,10.0,5.0,0.0005,condensed-sparsity,condensed-rigl,thread,,0.0008,,250.0,,0.1848677182273939,,,
resnet18_cifar10_sweep_0.3_False,u5sy9zeh,finished,-,2022-06-05T20:04:54.000Z,26390.0,4hsfzsa9,cifar10,sweep_0.3_False,resnet18_cifar10_sweep_0.3_False,resnet18,False,0.3,8746,0.9535,False,250.0,0.2,1e-06,10.0,0.1,0.9,,sgd,True,step_lr,30000.0,10.0,5.0,0.0005,condensed-sparsity,condensed-rigl,thread,,0.0008,,250.0,,0.1851244918612763,,,
resnet18_cifar10_sweep_0.2_False,daalrzlx,finished,-,2022-06-05T19:04:44.000Z,7135.0,4hsfzsa9,cifar10,sweep_0.2_False,resnet18_cifar10_sweep_0.2_False,resnet18,False,0.2,42,0.9526,False,250.0,0.2,1e-06,10.0,0.1,0.9,,sgd,True,step_lr,30000.0,10.0,5.0,0.0005,condensed-sparsity,condensed-rigl,thread,,0.0008,,250.0,,0.1869515457046218,,,
resnet18_cifar10_sweep_0.2_False,tks0cie6,finished,-,2022-06-05T19:04:29.000Z,25196.0,4hsfzsa9,cifar10,sweep_0.2_False,resnet18_cifar10_sweep_0.2_False,resnet18,False,0.2,2078,0.9521,False,250.0,0.2,1e-06,10.0,0.1,0.9,,sgd,True,step_lr,30000.0,10.0,5.0,0.0005,condensed-sparsity,condensed-rigl,thread,,0.0008,,250.0,,0.1851310967716388,,,
resnet18_cifar10_sweep_0.2_False,d5f3e8sf,finished,-,2022-06-05T18:59:29.000Z,24934.0,4hsfzsa9,cifar10,sweep_0.2_False,resnet18_cifar10_sweep_0.2_False,resnet18,False,0.2,7303,0.9517,False,250.0,0.2,1e-06,10.0,0.1,0.9,,sgd,True,step_lr,30000.0,10.0,5.0,0.0005,condensed-sparsity,condensed-rigl,thread,,0.0008,,250.0,,0.1949148410610389,,,
resnet18_cifar10_sweep_0.2_False,awufzi7x,finished,-,2022-06-05T18:56:47.000Z,6884.0,4hsfzsa9,cifar10,sweep_0.2_False,resnet18_cifar10_sweep_0.2_False,resnet18,False,0.2,6037,0.9512,False,250.0,0.2,1e-06,10.0,0.1,0.9,,sgd,True,step_lr,30000.0,10.0,5.0,0.0005,condensed-sparsity,condensed-rigl,thread,,0.0008,,250.0,,0.1924285275867674,,,
resnet18_cifar10_sweep_0.2_False,6ydlfue3,finished,-,2022-06-05T18:56:42.000Z,24997.0,4hsfzsa9,cifar10,sweep_0.2_False,resnet18_cifar10_sweep_0.2_False,resnet18,False,0.2,8746,0.953,False,250.0,0.2,1e-06,10.0,0.1,0.9,,sgd,True,step_lr,30000.0,10.0,5.0,0.0005,condensed-sparsity,condensed-rigl,thread,,0.0008,,250.0,,0.1782381136517971,,,
resnet18_cifar10_sweep_0.1_False,daalrzlx,finished,-,2022-06-05T17:05:34.000Z,7145.0,4hsfzsa9,cifar10,sweep_0.1_False,resnet18_cifar10_sweep_0.1_False,resnet18,False,0.1,42,0.95,False,250.0,0.2,1e-06,10.0,0.1,0.9,,sgd,True,step_lr,30000.0,10.0,5.0,0.0005,condensed-sparsity,condensed-rigl,thread,,0.0008,,250.0,,0.1887450723800109,,,
resnet18_cifar10_sweep_0.1_False,awufzi7x,finished,-,2022-06-05T17:01:12.000Z,6921.0,4hsfzsa9,cifar10,sweep_0.1_False,resnet18_cifar10_sweep_0.1_False,resnet18,False,0.1,2078,0.9481,False,250.0,0.2,1e-06,10.0,0.1,0.9,,sgd,True,step_lr,30000.0,10.0,5.0,0.0005,condensed-sparsity,condensed-rigl,thread,,0.0008,,250.0,,0.1988513712608255,,,
resnet18_cifar10_sweep_0.1_False,daalrzlx,finished,-,2022-06-05T15:06:30.000Z,7142.0,4hsfzsa9,cifar10,sweep_0.1_False,resnet18_cifar10_sweep_0.1_False,resnet18,False,0.1,7303,0.9495,False,250.0,0.2,1e-06,10.0,0.1,0.9,,sgd,True,step_lr,30000.0,10.0,5.0,0.0005,condensed-sparsity,condensed-rigl,thread,,0.0008,,250.0,,0.1927712209031684,,,
resnet18_cifar10_sweep_0.1_False,awufzi7x,finished,-,2022-06-05T15:06:00.000Z,6882.0,4hsfzsa9,cifar10,sweep_0.1_False,resnet18_cifar10_sweep_0.1_False,resnet18,False,0.1,6037,0.9505,False,250.0,0.2,1e-06,10.0,0.1,0.9,,sgd,True,step_lr,30000.0,10.0,5.0,0.0005,condensed-sparsity,condensed-rigl,thread,,0.0008,,250.0,,0.1987655410168925,,,
resnet18_cifar10_sweep_0.1_False,awufzi7x,finished,-,2022-06-05T13:10:49.000Z,6881.0,4hsfzsa9,cifar10,sweep_0.1_False,resnet18_cifar10_sweep_0.1_False,resnet18,False,0.1,8746,0.9499,False,250.0,0.2,1e-06,10.0,0.1,0.9,,sgd,True,step_lr,30000.0,10.0,5.0,0.0005,condensed-sparsity,condensed-rigl,thread,,0.0008,,250.0,,0.1952344905209145,,,
resnet18_cifar10_sweep_0.05_False,daalrzlx,finished,-,2022-06-05T13:07:49.000Z,7119.0,4hsfzsa9,cifar10,sweep_0.05_False,resnet18_cifar10_sweep_0.05_False,resnet18,False,0.05,42,0.9448,False,250.0,0.2,1e-06,10.0,0.1,0.9,,sgd,True,step_lr,30000.0,10.0,5.0,0.0005,condensed-sparsity,condensed-rigl,thread,,0.0008,,250.0,,0.2122369729174184,,,
resnet18_cifar10_sweep_0.05_False,u5sy9zeh,finished,-,2022-06-05T12:43:51.000Z,26432.0,4hsfzsa9,cifar10,sweep_0.05_False,resnet18_cifar10_sweep_0.05_False,resnet18,False,0.05,2078,0.9481,False,250.0,0.2,1e-06,10.0,0.1,0.9,,sgd,True,step_lr,30000.0,10.0,5.0,0.0005,condensed-sparsity,condensed-rigl,thread,,0.0008,,250.0,,0.2030844037572736,,,
resnet18_cifar10_sweep_0.05_False,tks0cie6,finished,-,2022-06-05T12:04:26.000Z,25199.0,4hsfzsa9,cifar10,sweep_0.05_False,resnet18_cifar10_sweep_0.05_False,resnet18,False,0.05,7303,0.9401,False,250.0,0.2,1e-06,10.0,0.1,0.9,,sgd,True,step_lr,30000.0,10.0,5.0,0.0005,condensed-sparsity,condensed-rigl,thread,,0.0008,,250.0,,0.2242515049866517,,,
resnet18_cifar10_sweep_0.05_False,d5f3e8sf,finished,-,2022-06-05T12:02:48.000Z,24998.0,4hsfzsa9,cifar10,sweep_0.05_False,resnet18_cifar10_sweep_0.05_False,resnet18,False,0.05,6037,0.9466,False,250.0,0.2,1e-06,10.0,0.1,0.9,,sgd,True,step_lr,30000.0,10.0,5.0,0.0005,condensed-sparsity,condensed-rigl,thread,,0.0008,,250.0,,0.2082264622103423,,,
resnet18_cifar10_sweep_0.05_False,6ydlfue3,finished,-,2022-06-05T11:59:38.000Z,25006.0,4hsfzsa9,cifar10,sweep_0.05_False,resnet18_cifar10_sweep_0.05_False,resnet18,False,0.05,8746,0.9443,False,250.0,0.2,1e-06,10.0,0.1,0.9,,sgd,True,step_lr,30000.0,10.0,5.0,0.0005,condensed-sparsity,condensed-rigl,thread,,0.0008,,250.0,,0.2096778164124582,,,
resnet18_cifar10_sweep_0.01_False,awufzi7x,finished,-,2022-06-05T11:15:59.000Z,6885.0,4hsfzsa9,cifar10,sweep_0.01_False,resnet18_cifar10_sweep_0.01_False,resnet18,False,0.01,42,0.926,False,250.0,0.2,1e-06,10.0,0.1,0.9,,sgd,True,step_lr,30000.0,10.0,5.0,0.0005,condensed-sparsity,condensed-rigl,thread,,0.0008,,250.0,,0.2599882425844785,,,
resnet18_cifar10_sweep_0.01_False,daalrzlx,finished,-,2022-06-05T11:09:57.000Z,7069.0,4hsfzsa9,cifar10,sweep_0.01_False,resnet18_cifar10_sweep_0.01_False,resnet18,False,0.01,2078,0.924,False,250.0,0.2,1e-06,10.0,0.1,0.9,,sgd,True,step_lr,30000.0,10.0,5.0,0.0005,condensed-sparsity,condensed-rigl,thread,,0.0008,,250.0,,0.267968581264111,,,
resnet18_cifar10_sweep_0.01_False,awufzi7x,finished,-,2022-06-05T09:21:35.000Z,6859.0,4hsfzsa9,cifar10,sweep_0.01_False,resnet18_cifar10_sweep_0.01_False,resnet18,False,0.01,7303,0.9285,False,250.0,0.2,1e-06,10.0,0.1,0.9,,sgd,True,step_lr,30000.0,10.0,5.0,0.0005,condensed-sparsity,condensed-rigl,thread,,0.0008,,250.0,,0.2568109253167349,,,
resnet18_cifar10_sweep_0.01_False,daalrzlx,finished,-,2022-06-05T09:11:31.000Z,7076.0,4hsfzsa9,cifar10,sweep_0.01_False,resnet18_cifar10_sweep_0.01_False,resnet18,False,0.01,6037,0.9269,False,250.0,0.2,1e-06,10.0,0.1,0.9,,sgd,True,step_lr,30000.0,10.0,5.0,0.0005,condensed-sparsity,condensed-rigl,thread,,0.0008,,250.0,,0.2625431995999301,,,
resnet18_cifar10_sweep_0.01_False,awufzi7x,finished,-,2022-06-05T07:26:55.000Z,6877.0,4hsfzsa9,cifar10,sweep_0.01_False,resnet18_cifar10_sweep_0.01_False,resnet18,False,0.01,8746,0.9242,False,250.0,0.2,1e-06,10.0,0.1,0.9,,sgd,True,step_lr,30000.0,10.0,5.0,0.0005,condensed-sparsity,condensed-rigl,thread,,0.0008,,250.0,,0.2611075570360816,,,
resnet18_cifar10_sweep_0.5_True,daalrzlx,finished,-,2022-06-05T07:05:42.000Z,7519.0,4hsfzsa9,cifar10,sweep_0.5_True,resnet18_cifar10_sweep_0.5_True,resnet18,True,0.5,42,0.9515,False,250.0,0.2,1e-06,10.0,0.1,0.9,,sgd,True,step_lr,30000.0,10.0,5.0,0.0005,condensed-sparsity,condensed-rigl,thread,,0.0008,,250.0,,0.1908378095400054,,,
resnet18_cifar10_sweep_0.5_True,awufzi7x,finished,-,2022-06-05T05:21:24.000Z,7502.0,4hsfzsa9,cifar10,sweep_0.5_True,resnet18_cifar10_sweep_0.5_True,resnet18,True,0.5,2078,0.9556,False,250.0,0.2,1e-06,10.0,0.1,0.9,,sgd,True,step_lr,30000.0,10.0,5.0,0.0005,condensed-sparsity,condensed-rigl,thread,,0.0008,,250.0,,0.1797179886972997,,,
resnet18_cifar10_sweep_0.5_True,u5sy9zeh,finished,-,2022-06-05T05:12:16.000Z,27062.0,4hsfzsa9,cifar10,sweep_0.5_True,resnet18_cifar10_sweep_0.5_True,resnet18,True,0.5,7303,0.9534,False,250.0,0.2,1e-06,10.0,0.1,0.9,,sgd,True,step_lr,30000.0,10.0,5.0,0.0005,condensed-sparsity,condensed-rigl,thread,,0.0008,,250.0,,0.1857326389919035,,,
resnet18_cifar10_sweep_0.5_True,daalrzlx,finished,-,2022-06-05T05:00:17.000Z,7519.0,4hsfzsa9,cifar10,sweep_0.5_True,resnet18_cifar10_sweep_0.5_True,resnet18,True,0.5,6037,0.9528,False,250.0,0.2,1e-06,10.0,0.1,0.9,,sgd,True,step_lr,30000.0,10.0,5.0,0.0005,condensed-sparsity,condensed-rigl,thread,,0.0008,,250.0,,0.1819385028742254,,,
resnet18_cifar10_sweep_0.5_True,d5f3e8sf,finished,-,2022-06-05T04:53:54.000Z,25728.0,4hsfzsa9,cifar10,sweep_0.5_True,resnet18_cifar10_sweep_0.5_True,resnet18,True,0.5,8746,0.9535,False,250.0,0.2,1e-06,10.0,0.1,0.9,,sgd,True,step_lr,30000.0,10.0,5.0,0.0005,condensed-sparsity,condensed-rigl,thread,,0.0008,,250.0,,0.1795080576982349,,,
resnet18_cifar10_sweep_0.4_True,tks0cie6,finished,-,2022-06-05T04:53:16.000Z,25864.0,4hsfzsa9,cifar10,sweep_0.4_True,resnet18_cifar10_sweep_0.4_True,resnet18,True,0.4,42,0.9548,False,250.0,0.2,1e-06,10.0,0.1,0.9,,sgd,True,step_lr,30000.0,10.0,5.0,0.0005,condensed-sparsity,condensed-rigl,thread,,0.0008,,250.0,,0.174220551207941,,,
resnet18_cifar10_sweep_0.4_True,6ydlfue3,finished,-,2022-06-05T04:52:00.000Z,25654.0,4hsfzsa9,cifar10,sweep_0.4_True,resnet18_cifar10_sweep_0.4_True,resnet18,True,0.4,2078,0.9527,False,250.0,0.2,1e-06,10.0,0.1,0.9,,sgd,True,step_lr,30000.0,10.0,5.0,0.0005,condensed-sparsity,condensed-rigl,thread,,0.0008,,250.0,,0.1807341236528475,,,
resnet18_cifar10_sweep_0.4_True,awufzi7x,finished,-,2022-06-05T03:15:00.000Z,7580.0,4hsfzsa9,cifar10,sweep_0.4_True,resnet18_cifar10_sweep_0.4_True,resnet18,True,0.4,7303,0.952,False,250.0,0.2,1e-06,10.0,0.1,0.9,,sgd,True,step_lr,30000.0,10.0,5.0,0.0005,condensed-sparsity,condensed-rigl,thread,,0.0008,,250.0,,0.1874008974912576,,,
resnet18_cifar10_sweep_0.4_True,daalrzlx,finished,-,2022-06-05T02:54:38.000Z,7534.0,4hsfzsa9,cifar10,sweep_0.4_True,resnet18_cifar10_sweep_0.4_True,resnet18,True,0.4,6037,0.9537,False,250.0,0.2,1e-06,10.0,0.1,0.9,,sgd,True,step_lr,30000.0,10.0,5.0,0.0005,condensed-sparsity,condensed-rigl,thread,,0.0008,,250.0,,0.1880445606044959,,,
resnet18_cifar10_sweep_0.4_True,awufzi7x,finished,-,2022-06-05T01:09:35.000Z,7523.0,4hsfzsa9,cifar10,sweep_0.4_True,resnet18_cifar10_sweep_0.4_True,resnet18,True,0.4,8746,0.9506,False,250.0,0.2,1e-06,10.0,0.1,0.9,,sgd,True,step_lr,30000.0,10.0,5.0,0.0005,condensed-sparsity,condensed-rigl,thread,,0.0008,,250.0,,0.185777744134143,,,
resnet18_cifar10_sweep_0.3_True,daalrzlx,finished,-,2022-06-05T00:48:22.000Z,7570.0,4hsfzsa9,cifar10,sweep_0.3_True,resnet18_cifar10_sweep_0.3_True,resnet18,True,0.3,42,0.9544,False,250.0,0.2,1e-06,10.0,0.1,0.9,,sgd,True,step_lr,30000.0,10.0,5.0,0.0005,condensed-sparsity,condensed-rigl,thread,,0.0008,,250.0,,0.1781246878260513,,,
resnet18_cifar10_sweep_0.3_True,awufzi7x,finished,-,2022-06-04T23:02:18.000Z,7634.0,4hsfzsa9,cifar10,sweep_0.3_True,resnet18_cifar10_sweep_0.3_True,resnet18,True,0.3,2078,0.9505,False,250.0,0.2,1e-06,10.0,0.1,0.9,,sgd,True,step_lr,30000.0,10.0,5.0,0.0005,condensed-sparsity,condensed-rigl,thread,,0.0008,,250.0,,0.1823363863870967,,,
resnet18_cifar10_sweep_0.3_True,daalrzlx,finished,-,2022-06-04T22:41:57.000Z,7579.0,4hsfzsa9,cifar10,sweep_0.3_True,resnet18_cifar10_sweep_0.3_True,resnet18,True,0.3,7303,0.9528,False,250.0,0.2,1e-06,10.0,0.1,0.9,,sgd,True,step_lr,30000.0,10.0,5.0,0.0005,condensed-sparsity,condensed-rigl,thread,,0.0008,,250.0,,0.1905247323462739,,,
resnet18_cifar10_sweep_0.2_True,6ydlfue3,finished,-,2022-06-04T21:41:25.000Z,25828.0,4hsfzsa9,cifar10,sweep_0.2_True,resnet18_cifar10_sweep_0.2_True,resnet18,True,0.2,6037,0.9533,False,250.0,0.2,1e-06,10.0,0.1,0.9,,sgd,True,step_lr,30000.0,10.0,5.0,0.0005,condensed-sparsity,condensed-rigl,thread,,0.0008,,250.0,,0.1812870915276231,,,
resnet18_cifar10_sweep_0.2_True,tks0cie6,finished,-,2022-06-04T21:41:18.000Z,25912.0,4hsfzsa9,cifar10,sweep_0.2_True,resnet18_cifar10_sweep_0.2_True,resnet18,True,0.2,8746,0.9507,False,250.0,0.2,1e-06,10.0,0.1,0.9,,sgd,True,step_lr,30000.0,10.0,5.0,0.0005,condensed-sparsity,condensed-rigl,thread,,0.0008,,250.0,,0.1920252987091429,,,
resnet18_cifar10_sweep_0.1_True,d5f3e8sf,finished,-,2022-06-04T21:41:11.000Z,25958.0,4hsfzsa9,cifar10,sweep_0.1_True,resnet18_cifar10_sweep_0.1_True,resnet18,True,0.1,42,0.9489,False,250.0,0.2,1e-06,10.0,0.1,0.9,,sgd,True,step_lr,30000.0,10.0,5.0,0.0005,condensed-sparsity,condensed-rigl,thread,,0.0008,,250.0,,0.1930650494168861,,,
resnet18_cifar10_sweep_0.1_True,u5sy9zeh,finished,-,2022-06-04T21:40:40.000Z,27089.0,4hsfzsa9,cifar10,sweep_0.1_True,resnet18_cifar10_sweep_0.1_True,resnet18,True,0.1,6037,0.9479,False,250.0,0.2,1e-06,10.0,0.1,0.9,,sgd,True,step_lr,30000.0,10.0,5.0,0.0005,condensed-sparsity,condensed-rigl,thread,,0.0008,,250.0,,0.1964846710632904,,,
resnet18_cifar10_sweep_0.1_True,awufzi7x,finished,-,2022-06-04T20:52:23.000Z,7793.0,4hsfzsa9,cifar10,sweep_0.1_True,resnet18_cifar10_sweep_0.1_True,resnet18,True,0.1,2078,0.9466,False,250.0,0.2,1e-06,10.0,0.1,0.9,,sgd,True,step_lr,30000.0,10.0,5.0,0.0005,condensed-sparsity,condensed-rigl,thread,,0.0008,,250.0,,0.210523713874293,,,
resnet18_cifar10_sweep_0.1_True,daalrzlx,finished,-,2022-06-04T20:34:44.000Z,7631.0,4hsfzsa9,cifar10,sweep_0.1_True,resnet18_cifar10_sweep_0.1_True,resnet18,True,0.1,7303,0.946,False,250.0,0.2,1e-06,10.0,0.1,0.9,,sgd,True,step_lr,30000.0,10.0,5.0,0.0005,condensed-sparsity,condensed-rigl,thread,,0.0008,,250.0,,0.2069388437237357,,,
resnet18_cifar10_sweep_0.1_True,awufzi7x,finished,-,2022-06-04T18:43:59.000Z,7699.0,4hsfzsa9,cifar10,sweep_0.1_True,resnet18_cifar10_sweep_0.1_True,resnet18,True,0.1,8746,0.9477,False,250.0,0.2,1e-06,10.0,0.1,0.9,,sgd,True,step_lr,30000.0,10.0,5.0,0.0005,condensed-sparsity,condensed-rigl,thread,,0.0008,,250.0,,0.2055989886407856,,,
resnet18_cifar10_sweep_0.05_True,awufzi7x,finished,-,2022-06-04T16:34:28.000Z,7761.0,4hsfzsa9,cifar10,sweep_0.05_True,resnet18_cifar10_sweep_0.05_True,resnet18,True,0.05,42,0.9434,False,250.0,0.2,1e-06,10.0,0.1,0.9,,sgd,True,step_lr,30000.0,10.0,5.0,0.0005,condensed-sparsity,condensed-rigl,thread,,0.0008,,250.0,,0.2249491651003714,,,
resnet18_cifar10_sweep_0.05_True,awufzi7x,finished,-,2022-06-04T14:25:39.000Z,7724.0,4hsfzsa9,cifar10,sweep_0.05_True,resnet18_cifar10_sweep_0.05_True,resnet18,True,0.05,2078,0.9371,False,250.0,0.2,1e-06,10.0,0.1,0.9,,sgd,True,step_lr,30000.0,10.0,5.0,0.0005,condensed-sparsity,condensed-rigl,thread,,0.0008,,250.0,,0.2356525796146335,,,
resnet18_cifar10_sweep_0.05_True,nahsbetr,finished,-,2022-06-04T13:01:23.000Z,26200.0,4hsfzsa9,cifar10,sweep_0.05_True,resnet18_cifar10_sweep_0.05_True,resnet18,True,0.05,7303,0.941,False,250.0,0.2,1e-06,10.0,0.1,0.9,,sgd,True,step_lr,30000.0,10.0,5.0,0.0005,condensed-sparsity,condensed-rigl,thread,,0.0008,,250.0,,0.21796230714228,,,
resnet18_cifar10_sweep_0.05_True,awufzi7x,finished,-,2022-06-04T12:14:36.000Z,7857.0,4hsfzsa9,cifar10,sweep_0.05_True,resnet18_cifar10_sweep_0.05_True,resnet18,True,0.05,6037,0.945,False,250.0,0.2,1e-06,10.0,0.1,0.9,,sgd,True,step_lr,30000.0,10.0,5.0,0.0005,condensed-sparsity,condensed-rigl,thread,,0.0008,,250.0,,0.2252043984322983,,,
resnet18_cifar10_sweep_0.05_True,awufzi7x,finished,-,2022-06-04T10:04:25.000Z,7806.0,4hsfzsa9,cifar10,sweep_0.05_True,resnet18_cifar10_sweep_0.05_True,resnet18,True,0.05,8746,0.9421,False,250.0,0.2,1e-06,10.0,0.1,0.9,,sgd,True,step_lr,30000.0,10.0,5.0,0.0005,condensed-sparsity,condensed-rigl,thread,,0.0008,,250.0,,0.2211680865933653,,,
resnet18_cifar10_sweep_0.01_True,awufzi7x,finished,-,2022-06-04T07:55:39.000Z,7720.0,4hsfzsa9,cifar10,sweep_0.01_True,resnet18_cifar10_sweep_0.01_True,resnet18,True,0.01,42,0.9146,False,250.0,0.2,1e-06,10.0,0.1,0.9,,sgd,True,step_lr,30000.0,10.0,5.0,0.0005,condensed-sparsity,condensed-rigl,thread,,0.0008,,250.0,,0.2694239603890572,,,
resnet18_cifar10_sweep_0.01_True,nahsbetr,finished,-,2022-06-04T05:47:42.000Z,26018.0,4hsfzsa9,cifar10,sweep_0.01_True,resnet18_cifar10_sweep_0.01_True,resnet18,True,0.01,2078,0.9168,False,250.0,0.2,1e-06,10.0,0.1,0.9,,sgd,True,step_lr,30000.0,10.0,5.0,0.0005,condensed-sparsity,condensed-rigl,thread,,0.0008,,250.0,,0.264208527975576,,,
resnet18_cifar10_sweep_0.01_True,awufzi7x,finished,-,2022-06-04T05:47:31.000Z,7685.0,4hsfzsa9,cifar10,sweep_0.01_True,resnet18_cifar10_sweep_0.01_True,resnet18,True,0.01,7303,0.9146,False,250.0,0.2,1e-06,10.0,0.1,0.9,,sgd,True,step_lr,30000.0,10.0,5.0,0.0005,condensed-sparsity,condensed-rigl,thread,,0.0008,,250.0,,0.2704243824389297,,,
,,finished,,,,,,,,resnet18,True,0.3,6037,0.953,,,,,,,,,,,,,,,,,,,,,,,,,,,1wpb02dh
,,finished,,,,,,,,resnet18,True,0.2,7303,0.9537,,,,,,,,,,,,,,,,,,,,,,,,,,,mqb2j0y3
,,finished,,,,,,,,resnet18,True,0.3,8746,0.954,,,,,,,,,,,,,,,,,,,,,,,,,,,2mbi1968
,,finished,,,,,,,,resnet18,True,0.01,6037,0.9147,,,,,,,,,,,,,,,,,,,,,,,,,,,2o7r4f32
,,finished,,,,,,,,resnet18,True,0.01,8746,0.9083,,,,,,,,,,,,,,,,,,,,,,,,,,,2zghy7cs
,,finished,,,,,,,,resnet18,True,0.2,42,0.9491,,,,,,,,,,,,,,,,,,,,,,,,,,,24ju3o5b
,,finished,,,,,,,,resnet18,True,0.2,2078,0.9531,,,,,,,,,,,,,,,,,,,,,,,,,,,3bu1wts2
,,finished,,,,,,,,wide_resnet22,False,0.1,8746,0.9305,,,,,,,,,,,,,,,,,,,,,,,,,,,200dfvfl
,,finished,,,,,,,,wide_resnet22,True,0.01,42,0.7985,,,,,,,,,,,,,,,,,,,,,,,,,,,z43wsdbk
,,finished,,,,,,,,wide_resnet22,False,0.1,6037,0.9348,,,,,,,,,,,,,,,,,,,,,,,,,,,21ymka9z
,,finished,,,,,,,,wide_resnet22,True,0.05,8746,0.9133,,,,,,,,,,,,,,,,,,,,,,,,,,,20tipo0l
,,finished,,,,,,,,wide_resnet22,False,0.1,7303,0.9331,,,,,,,,,,,,,,,,,,,,,,,,,,,36u2ugju
,,finished,,,,,,,,wide_resnet22,True,0.05,6037,0.9143,,,,,,,,,,,,,,,,,,,,,,,,,,,3ach3s6f
,,finished,,,,,,,,wide_resnet22,False,0.1,2078,0.9299,,,,,,,,,,,,,,,,,,,,,,,,,,,36sa93oj
,,finished,,,,,,,,wide_resnet22,True,0.05,42,0.9159,,,,,,,,,,,,,,,,,,,,,,,,,,,ashld1px
,,finished,,,,,,,,wide_resnet22,False,0.01,8746,0.8516,,,,,,,,,,,,,,,,,,,,,,,,,,,r59jeqa6
,,finished,,,,,,,,wide_resnet22,False,0.1,42,0.9357,,,,,,,,,,,,,,,,,,,,,,,,,,,1idniv9f
